{
  "chainId": 101,
  "address": "7YQTQ8cG6Y8DjsPqneTpEYmNEYmcjQgT3Wfp3A5pvNPy",
  "symbol": "LITCOIN",
  "name": "LitCoin",
  "decimals": 9,
  "logoURI": "https://raw.githubusercontent.com/your-username/your-repo-name/main/assets/mainnet/7YQTQ8cG6Y8DjsPqneTpEYmNEYmcjQgT3Wfp3A5pvNPy/logo.png",
  "tags": [
    "utility-token",
    "420-themed",
    "community",
    "solana"
  ],
  "extensions": {
    "website": "https://x.com/LITCOINOG",
    "twitter": "https://x.com/LITCOINOG",
    "description": "LitCoin is a 420-themed community and utility token built on Solana, designed to bring together culture, fun, and future integrations in the decentralized ecosystem."
  }
}